Time,Target_X,Target_Y,Target_Theta,Current_X,Current_Y,Current_Theta
2.39546,5,5,1.5708,-5.67513e-25,2.7102e-59,-9.55175e-35
2.4447,5,5,1.5708,-5.71693e-25,5.32206e-24,0.0149226
2.49289,5,5,1.5708,-5.71693e-25,5.32206e-24,0.067688
2.5421,5,5,1.5708,-5.71693e-25,5.32206e-24,0.0921956
2.59133,5,5,1.5708,-5.71693e-25,5.32206e-24,0.116132
2.63962,5,5,1.5708,5.05126e-08,7.47638e-09,0.161667
2.68888,5,5,1.5708,5.05129e-08,7.47643e-09,0.183238
2.73809,5,5,1.5708,5.05132e-08,7.47648e-09,0.204165
2.78666,5,5,1.5708,5.05137e-08,7.4766e-09,0.2444
2.83567,5,5,1.5708,5.0514e-08,7.47667e-09,0.263317
2.88411,5,5,1.5708,5.05145e-08,7.47682e-09,0.299329
2.93321,5,5,1.5708,5.05147e-08,7.4769e-09,0.316072
2.98239,5,5,1.5708,5.0515e-08,7.47697e-09,0.332347
3.03075,5,5,1.5708,5.05154e-08,7.47714e-09,0.363692
3.08,5,5,1.5708,5.05156e-08,7.47723e-09,0.378406
3.12831,5,5,1.5708,5.05161e-08,7.47741e-09,0.406449
3.17765,5,5,1.5708,5.05163e-08,7.47751e-09,0.419445
3.22671,5,5,1.5708,5.05165e-08,7.47761e-09,0.432109
3.27608,5,5,1.5708,5.05167e-08,7.47771e-09,0.444513
3.32508,5,5,1.5708,5.05167e-08,7.47771e-09,0.444513
3.37293,5,5,1.5708,5.0517e-08,7.47781e-09,0.456525
3.422,5,5,1.5708,5.05172e-08,7.47792e-09,0.467803
3.47123,5,5,1.5708,5.05174e-08,7.47803e-09,0.478838
3.51964,5,5,1.5708,5.05178e-08,7.47826e-09,0.50007
3.56897,5,5,1.5708,5.0518e-08,7.47837e-09,0.510069
3.61723,5,5,1.5708,5.05184e-08,7.47861e-09,0.529071
3.66641,5,5,1.5708,5.05186e-08,7.47873e-09,0.537919
3.71561,5,5,1.5708,5.05189e-08,7.47886e-09,0.54651
3.76399,5,5,1.5708,5.05193e-08,7.47911e-09,0.563047
3.81319,5,5,1.5708,5.05195e-08,7.47924e-09,0.570822
3.86159,5,5,1.5708,5.05199e-08,7.4795e-09,0.585615
3.91077,5,5,1.5708,5.05201e-08,7.47964e-09,0.592482
3.96001,5,5,1.5708,5.05203e-08,7.47977e-09,0.599171
4.00835,5,5,1.5708,5.05207e-08,7.48004e-09,0.612049
4.05754,5,5,1.5708,5.05209e-08,7.48018e-09,0.618084
4.10595,5,5,1.5708,5.05212e-08,7.48046e-09,0.629613
4.15516,5,5,1.5708,5.05214e-08,7.48061e-09,0.634955
4.2045,5,5,1.5708,5.05216e-08,7.48075e-09,0.640167
4.25272,5,5,1.5708,5.0522e-08,7.48104e-09,0.650209
4.30197,5,5,1.5708,5.05222e-08,7.48119e-09,0.654916
4.35029,5,5,1.5708,5.05226e-08,7.48148e-09,0.663906
4.39954,5,5,1.5708,5.05228e-08,7.48163e-09,0.668073
4.44875,5,5,1.5708,5.0523e-08,7.48178e-09,0.672137
4.49715,5,5,1.5708,5.05233e-08,7.48208e-09,0.679969
4.54642,5,5,1.5708,5.05235e-08,7.48223e-09,0.683632
4.59467,5,5,1.5708,5.05239e-08,7.48254e-09,0.69064
4.64391,5,5,1.5708,5.05241e-08,7.48269e-09,0.693883
4.69316,5,5,1.5708,5.05243e-08,7.48284e-09,0.697049
4.74151,5,5,1.5708,5.05246e-08,7.48315e-09,0.703155
4.79067,5,5,1.5708,5.05248e-08,7.48331e-09,0.706013
4.83913,5,5,1.5708,5.05252e-08,7.48362e-09,0.711477
4.88831,5,5,1.5708,5.05254e-08,7.48378e-09,0.714001
5.68532,5,5,1.5708,5.05256e-08,7.48394e-09,0.716471
5.73384,5,5,1.5708,5.05259e-08,7.48425e-09,0.721232
5.78302,5,5,1.5708,5.05261e-08,7.48441e-09,0.723457
5.8315,5,5,1.5708,5.05265e-08,7.48473e-09,0.72772
5.88066,5,5,1.5708,5.05266e-08,7.48489e-09,0.72969
5.92983,5,5,1.5708,5.05268e-08,7.48505e-09,0.731615
5.9783,5,5,1.5708,5.05272e-08,7.48537e-09,0.735328
6.02955,5,5,1.5708,5.05273e-08,7.48554e-09,0.737064
6.07649,5,5,1.5708,0.0889222,0.0808879,0.738326
6.12497,5,5,1.5708,0.440997,0.40181,0.739961
6.17416,5,5,1.5708,0.607735,0.55417,0.740795
6.22251,5,5,1.5708,0.731933,0.667828,0.74357
6.27182,5,5,1.5708,0.861672,0.787291,0.744538
6.32093,5,5,1.5708,1.01173,0.925676,0.745379
6.36932,5,5,1.5708,1.15054,1.0539,0.748
6.41857,5,5,1.5708,1.24341,1.14022,0.74913
6.46727,5,5,1.5708,1.37941,1.2668,0.749977
6.51609,5,5,1.5708,1.51729,1.39535,0.752523
6.56531,5,5,1.5708,1.51729,1.39535,0.754235
6.61365,5,5,1.5708,1.65584,1.52604,0.756657
6.66288,5,5,1.5708,1.77625,1.63982,0.757472
6.71125,5,5,1.5708,2.00891,1.86018,0.759116
6.76047,5,5,1.5708,2.01566,1.86659,0.760781
6.80975,5,5,1.5708,2.07202,1.92035,0.762031
6.85807,5,5,1.5708,2.28259,2.12163,0.763689
6.90709,5,5,1.5708,2.31021,2.14809,0.765169
6.95626,5,5,1.5708,2.36388,2.19973,0.766396
7.00461,5,5,1.5708,2.55363,2.38271,0.768073
7.05384,5,5,1.5708,2.57299,2.40142,0.769624
7.10303,5,5,1.5708,2.6087,2.4361,0.770994
7.15143,5,5,1.5708,2.78076,2.60355,0.772679
7.20053,5,5,1.5708,2.81339,2.63538,0.774072
7.24898,5,5,1.5708,2.81339,2.63538,0.777517
7.29815,5,5,1.5708,2.8868,2.70771,0.778369
7.34738,5,5,1.5708,2.96357,2.78347,0.779173
7.3957,5,5,1.5708,3.11161,2.92991,0.780809
7.44489,5,5,1.5708,3.12658,2.94474,0.782342
7.49337,5,5,1.5708,3.21716,3.03507,0.784586
7.54252,5,5,1.5708,3.28115,3.09902,0.785425
7.59162,5,5,1.5708,3.30179,3.11966,0.786852
7.63999,5,5,1.5708,3.37857,3.19695,0.78917
7.69142,5,5,1.5708,3.43693,3.2558,0.790007
7.73826,5,5,1.5708,3.45912,3.27819,0.791379
7.78662,5,5,1.5708,3.52883,3.34899,0.793694
7.84048,5,5,1.5708,3.58194,3.40304,0.794532
7.88523,5,5,1.5708,3.61137,3.43303,0.795752
7.93336,5,5,1.5708,3.67133,3.49447,0.798129
7.98259,5,5,1.5708,3.71938,3.5438,0.798973
8.03185,5,5,1.5708,3.74878,3.57403,0.80015
8.0799,5,5,1.5708,3.74878,3.57403,0.803581
8.12908,5,5,1.5708,3.78958,3.61638,0.804461
8.17832,5,5,1.5708,3.83356,3.66211,0.805265
8.22658,5,5,1.5708,3.91827,3.75039,0.806902
8.27578,5,5,1.5708,3.92441,3.7568,0.808485
8.325,5,5,1.5708,3.94142,3.77465,0.80981
8.37333,5,5,1.5708,4.0178,3.85499,0.811467
8.42255,5,5,1.5708,4.02894,3.86674,0.812917
8.47176,5,5,1.5708,4.03919,3.87759,0.814371
8.52018,5,5,1.5708,4.10844,3.9511,0.816035
8.5693,5,5,1.5708,4.12261,3.96617,0.81738
8.61768,5,5,1.5708,4.15871,4.00481,0.819807
8.66678,5,5,1.5708,4.18922,4.03752,0.820645
8.71604,5,5,1.5708,4.20432,4.05373,0.821915
8.76893,5,5,1.5708,4.23371,4.08548,0.824438
8.81353,5,5,1.5708,4.26162,4.11569,0.825275
8.86193,5,5,1.5708,4.31533,4.17396,0.826959
8.91116,5,5,1.5708,4.31767,4.1765,0.828638
8.96036,5,5,1.5708,4.31767,4.1765,0.830371
9.00871,5,5,1.5708,4.34863,4.2105,0.83267
9.05787,5,5,1.5708,4.37225,4.23649,0.833492
9.10702,5,5,1.5708,4.39533,4.26193,0.834319
9.15526,5,5,1.5708,4.41458,4.28317,0.836986
9.20462,5,5,1.5708,4.4313,4.30174,0.837998
9.25357,5,5,1.5708,4.45212,4.32489,0.838833
9.30204,5,5,1.5708,4.47017,4.345,0.841481
9.35214,5,5,1.5708,4.48363,4.36008,0.842573
9.40038,5,5,1.5708,4.5025,4.38126,0.84341
9.44879,5,5,1.5708,4.52108,4.40215,0.845954
9.49792,5,5,1.5708,4.53123,4.41363,0.847151
9.54637,5,5,1.5708,4.56525,4.4522,0.848828
9.59557,5,5,1.5708,4.56823,4.45558,0.850407
9.64476,5,5,1.5708,4.57555,4.46394,0.851726
9.69312,5,5,1.5708,4.60639,4.49923,0.853413
9.74229,5,5,1.5708,4.61178,4.50541,0.854836
9.79154,5,5,1.5708,4.61178,4.50541,0.856571
9.83984,5,5,1.5708,4.62575,4.52159,0.859116
9.88916,5,5,1.5708,4.63941,4.53745,0.859935
9.93735,5,5,1.5708,4.66578,4.56812,0.861579
9.98656,5,5,1.5708,4.66807,4.57079,0.863142
10.0358,5,5,1.5708,4.67335,4.57698,0.864474
10.0842,5,5,1.5708,4.69709,4.60485,0.866143
10.1334,5,5,1.5708,4.70125,4.60974,0.867549
10.1824,5,5,1.5708,4.70505,4.61424,0.868962
10.2309,5,5,1.5708,4.72649,4.63964,0.870645
10.28,5,5,1.5708,4.73149,4.64558,0.871954
10.3284,5,5,1.5708,4.73149,4.64558,0.875399
10.3777,5,5,1.5708,4.73946,4.65515,0.87636
10.4281,5,5,1.5708,4.749,4.6666,0.877164
10.4752,5,5,1.5708,4.76744,4.68882,0.878791
10.5244,5,5,1.5708,4.7709,4.693,0.88016
10.5728,5,5,1.5708,4.78161,4.70601,0.882454
10.622,5,5,1.5708,4.78957,4.71569,0.883295
10.6712,5,5,1.5708,4.79422,4.72135,0.884494
10.7196,5,5,1.5708,4.79422,4.72135,0.887913
10.7689,5,5,1.5708,4.79924,4.72754,0.889003
10.8175,5,5,1.5708,4.80661,4.73662,0.889798
10.8663,5,5,1.5708,4.82084,4.75421,0.891403
10.9154,5,5,1.5708,4.82755,4.76252,0.89223
10.9638,5,5,1.5708,4.83251,4.76868,0.894994
11.0131,5,5,1.5708,4.83768,4.77514,0.895959
11.0621,5,5,1.5708,4.84366,4.78263,0.896797
11.1105,5,5,1.5708,4.84851,4.78869,0.899511
11.1598,5,5,1.5708,4.85271,4.79399,0.900556
11.209,5,5,1.5708,4.85815,4.80086,0.901396
11.2572,5,5,1.5708,4.86333,4.80741,0.903979
11.3065,5,5,1.5708,4.86639,4.81131,0.905156
11.3554,5,5,1.5708,4.87133,4.8176,0.906
11.4047,5,5,1.5708,4.87631,4.82397,0.90853
11.4532,5,5,1.5708,4.87869,4.82703,0.909785
11.5015,5,5,1.5708,4.88756,4.83845,0.91147
11.5572,5,5,1.5708,4.88834,4.83945,0.913054
11.5998,5,5,1.5708,4.88834,4.83945,0.914782
11.6483,5,5,1.5708,4.89274,4.8452,0.917227
11.6975,5,5,1.5708,4.89668,4.85035,0.918041
11.7465,5,5,1.5708,4.90051,4.85535,0.918858
11.7949,5,5,1.5708,4.90786,4.865,0.920525
11.8442,5,5,1.5708,4.90892,4.86639,0.922005
11.8932,5,5,1.5708,4.90892,4.86639,0.923738
11.9416,5,5,1.5708,4.91222,4.87079,0.926281
11.9907,5,5,1.5708,4.91546,4.87509,0.927099
12.0392,5,5,1.5708,4.92168,4.8834,0.928744
12.0884,5,5,1.5708,4.92213,4.88401,0.930332
12.1375,5,5,1.5708,4.9233,4.88558,0.931688
12.1858,5,5,1.5708,4.92891,4.89314,0.933349
12.235,5,5,1.5708,4.92924,4.89358,0.934959
12.2841,5,5,1.5708,4.93053,4.89533,0.936233
12.3324,5,5,1.5708,4.93562,4.90226,0.937891
12.3816,5,5,1.5708,4.93584,4.90257,0.939527
12.4306,5,5,1.5708,4.9377,4.90511,0.940541
12.4791,5,5,1.5708,4.94229,4.91141,0.942213
12.5282,5,5,1.5708,4.94256,4.91178,0.943847
12.5775,5,5,1.5708,4.94385,4.91357,0.945035
12.6258,5,5,1.5708,4.94799,4.91931,0.946725
12.675,5,5,1.5708,4.94859,4.92015,0.94821
12.7236,5,5,1.5708,4.94859,4.92015,0.949951
12.7791,5,5,1.5708,4.95041,4.9227,0.952529
12.8216,5,5,1.5708,4.95224,4.92528,0.953349
12.8701,5,5,1.5708,4.95577,4.93025,0.954997
12.9191,5,5,1.5708,4.95587,4.9304,0.956667
12.9683,5,5,1.5708,4.95696,4.93195,0.957788
13.0168,5,5,1.5708,4.96014,4.93647,0.959457
13.0658,5,5,1.5708,4.96037,4.9368,0.961059
13.115,5,5,1.5708,4.96126,4.93808,0.962243
13.1642,5,5,1.5708,4.96271,4.94015,0.963087
13.2125,5,5,1.5708,4.96412,4.94219,0.965643
13.2616,5,5,1.5708,4.96497,4.94342,0.966795
13.31,5,5,1.5708,4.96756,4.94718,0.968484
13.3591,5,5,1.5708,4.96764,4.94729,0.970183
13.4128,5,5,1.5708,4.9683,4.94826,0.971431
13.457,5,5,1.5708,4.96948,4.94999,0.972279
13.506,5,5,1.5708,4.97068,4.95175,0.974817
13.5549,5,5,1.5708,4.97131,4.95268,0.976025
13.6033,5,5,1.5708,4.97343,4.95583,0.977717
13.6525,5,5,1.5708,4.97359,4.95605,0.979338
13.7016,5,5,1.5708,4.97359,4.95605,0.981065
13.7499,5,5,1.5708,4.97484,4.95793,0.983339
13.7991,5,5,1.5708,4.97577,4.95933,0.984163
13.8482,5,5,1.5708,4.97667,4.96069,0.984995
13.8966,5,5,1.5708,4.97738,4.96175,0.987719
13.946,5,5,1.5708,4.97806,4.96279,0.988705
13.995,5,5,1.5708,4.97888,4.96404,0.989541
14.0433,5,5,1.5708,4.97957,4.96508,0.992215
14.0924,5,5,1.5708,4.9801,4.9659,0.993307
14.1416,5,5,1.5708,4.98084,4.96704,0.994142
14.1924,5,5,1.5708,4.98157,4.96816,0.996682
14.2392,5,5,1.5708,4.98201,4.96884,0.997827
14.2876,5,5,1.5708,4.98335,4.97092,0.999504
14.3367,5,5,1.5708,4.98346,4.9711,1.00109
14.386,5,5,1.5708,4.98377,4.97158,1.00238
14.4363,5,5,1.5708,4.98497,4.97347,1.00407
14.4838,5,5,1.5708,4.98517,4.97377,1.00553
14.532,5,5,1.5708,4.98517,4.97377,1.00899
14.581,5,5,1.5708,4.98565,4.97454,1.0099
14.6303,5,5,1.5708,4.98618,4.97539,1.0107
14.6795,5,5,1.5708,4.98671,4.97623,1.01151
14.7277,5,5,1.5708,4.98771,4.97783,1.01318
14.7771,5,5,1.5708,4.98791,4.97815,1.01455
14.8261,5,5,1.5708,4.98791,4.97815,1.0163
14.8743,5,5,1.5708,4.98835,4.97887,1.01886
14.9275,5,5,1.5708,4.98879,4.97958,1.01968
14.9728,5,5,1.5708,4.98921,4.98027,1.0205
15.021,5,5,1.5708,4.99003,4.9816,1.02219
15.0703,5,5,1.5708,4.99019,4.98187,1.02357
15.1185,5,5,1.5708,4.99019,4.98187,1.02708
15.1677,5,5,1.5708,4.99052,4.98242,1.02797
15.2169,5,5,1.5708,4.99088,4.98301,1.02879
15.2652,5,5,1.5708,4.99156,4.98415,1.03046
15.3145,5,5,1.5708,4.99163,4.98426,1.03201
15.3637,5,5,1.5708,4.99163,4.98426,1.03374
15.4119,5,5,1.5708,4.99197,4.98483,1.03619
15.4611,5,5,1.5708,4.99227,4.98534,1.03701
15.5103,5,5,1.5708,4.99256,4.98584,1.03782
15.5585,5,5,1.5708,4.99312,4.98679,1.03949
15.6078,5,5,1.5708,4.99322,4.98695,1.04092
15.656,5,5,1.5708,4.99322,4.98695,1.04438
15.7052,5,5,1.5708,4.99346,4.98736,1.04524
15.7544,5,5,1.5708,4.9937,4.98779,1.04605
15.8026,5,5,1.5708,4.99418,4.98861,1.0477
15.8519,5,5,1.5708,4.99421,4.98866,1.04932
15.9059,5,5,1.5708,4.99431,4.98884,1.0506
15.9493,5,5,1.5708,4.99474,4.98959,1.05226
15.9984,5,5,1.5708,4.99479,4.98968,1.05378
16.0477,5,5,1.5708,4.99486,4.9898,1.05519
16.0959,5,5,1.5708,4.99524,4.99048,1.05687
16.1451,5,5,1.5708,4.9953,4.99058,1.05833
16.1942,5,5,1.5708,4.99535,4.99067,1.05979
16.2426,5,5,1.5708,4.9957,4.99129,1.06146
16.2918,5,5,1.5708,4.99576,4.99141,1.07248
16.3402,5,5,1.5708,4.99576,4.99141,1.10662
16.3893,5,5,1.5708,4.99576,4.99141,1.12253
16.4385,5,5,1.5708,4.99576,4.99141,1.13808
16.4867,5,5,1.5708,4.99576,4.99141,1.16797
16.5385,5,5,1.5708,4.99576,4.99141,1.18196
16.5852,5,5,1.5708,4.99576,4.99141,1.19551
16.6333,5,5,1.5708,4.99576,4.99141,1.22149
16.6824,5,5,1.5708,4.99576,4.99141,1.23368
16.731,5,5,1.5708,4.99576,4.99141,1.24539
16.7801,5,5,1.5708,4.99576,4.99141,1.26793
16.8293,5,5,1.5708,4.99576,4.99141,1.27861
16.8774,5,5,1.5708,4.99576,4.99141,1.29876
16.9267,5,5,1.5708,4.99576,4.99141,1.30807
16.9758,5,5,1.5708,4.99576,4.99141,1.31717
17.024,5,5,1.5708,4.99576,4.99141,1.33463
17.0732,5,5,1.5708,4.99576,4.99141,1.3427
17.1222,5,5,1.5708,4.99576,4.99141,1.35057
17.1706,5,5,1.5708,4.99576,4.99141,1.36575
17.2198,5,5,1.5708,4.99576,4.99141,1.3728
17.269,5,5,1.5708,4.99576,4.99141,1.37964
17.3175,5,5,1.5708,4.99576,4.99141,1.39285
17.3664,5,5,1.5708,4.99576,4.99141,1.39906
17.4157,5,5,1.5708,4.99576,4.99141,1.40503
17.4639,5,5,1.5708,4.99576,4.99141,1.4165
17.5131,5,5,1.5708,4.99576,4.99141,1.42186
17.5614,5,5,1.5708,4.99576,4.99141,1.43212
17.6105,5,5,1.5708,4.99576,4.99141,1.43687
17.6596,5,5,1.5708,4.99576,4.99141,1.44147
17.7088,5,5,1.5708,4.99576,4.99141,1.44597
17.757,5,5,1.5708,4.99576,4.99141,1.4546
17.8061,5,5,1.5708,4.99576,4.99141,1.45862
17.8551,5,5,1.5708,4.99576,4.99141,1.46251
17.9035,5,5,1.5708,4.99576,4.99141,1.46999
17.9531,5,5,1.5708,4.99576,4.99141,1.47348
18.0019,5,5,1.5708,4.99576,4.99141,1.47686
18.0502,5,5,1.5708,4.99576,4.99141,1.48335
18.0993,5,5,1.5708,4.99576,4.99141,1.48641
18.1477,5,5,1.5708,4.99576,4.99141,1.49222
18.1967,5,5,1.5708,4.99576,4.99141,1.4949
18.2459,5,5,1.5708,4.99576,4.99141,1.49752
18.2966,5,5,1.5708,4.99576,4.99141,1.50007
18.3434,5,5,1.5708,4.99576,4.99141,1.50497
18.3926,5,5,1.5708,4.99576,4.99141,1.50728
18.4409,5,5,1.5708,4.99576,4.99141,1.51167
18.4901,5,5,1.5708,4.99576,4.99141,1.5137
18.5393,5,5,1.5708,4.99576,4.99141,1.51569
18.5876,5,5,1.5708,4.99576,4.99141,1.5195
